{
  "general": {
    "rate": 40,
    "gripType": "cgm:two_handed",
    "maxAmmo": 4,
    "recoilAngle": 10.0,
    "recoilKick": 1.0,
    "recoilDurationOffset": 0.5,
    "recoilAdsReduction": 0.4,
    "alwaysSpread": true,
    "spread": 1.0
  },
  "projectile": {
    "item": "cgm:advanced_bullet",
    "damage": 18.0,
    "size": 0.0625,
    "speed": 25.0,
    "life": 30,
    "gravity": true
  },
  "sounds": {
    "fire": "cgm:item.heavy_rifle.fire",
    "reload": "cgm:item.pistol.reload",
    "cock": "cgm:item.heavy_rifle.cock",
    "silencedFire": "cgm:item.heavy_rifle.silenced_fire",
    "enchantedFire": "cgm:item.heavy_rifle.enchanted_fire"
  },
  "display": {
    "flash": {
      "yOffset": 3.6,
      "zOffset": -9.41,
      "size": 1.0
    }
  },
  "modules": {
    "zoom": {
      "yOffset": 5.1,
      "zOffset": 2.0,
      "fovModifier": 0.6
    },
    "attachments": {
      "scope": {
        "yOffset": 4.4,
        "zOffset": 4.0
      },
      "barrel": {
        "yOffset": 3.6,
        "zOffset": -9.4,
        "scale": 0.5
      },
      "underBarrel": {
        "yOffset": 3.0,
        "zOffset": -0.5
      }
    }
  }
}