{
  "general": {
    "auto": true,
    "rate": 3,
    "gripType": "cgm:two_handed",
    "maxAmmo": 30,
    "reloadAmount": 5,
    "recoilAngle": 4.0,
    "recoilKick": 0.5,
    "recoilAdsReduction": 0.6,
    "alwaysSpread": true,
    "spread": 5.0
  },
  "projectile": {
    "item": "additionalguns:bullet_medium",
    "visible": false,
    "gravity": true,
    "damage": 7.5,
    "size": 0.1,
    "speed": 50.0,
    "life": 60
  },
  "sounds": {
    "fire": "additionalguns:item.ak1.fire",
    "reload": "cgm:item.pistol.reload",
    "cock": "cgm:item.assault_rifle.cock",
    "silencedFire": "additionalguns:item.rifle.suppressed"
  },
  "display": {
    "flash": {
      "yOffset": 2.5,
      "zOffset": -19
    }
  },
  "modules": {
    "zoom": {
      "fovModifier": 0.8,
      "yOffset": 5.15,
      "zOffset": 3.35
    }
  }
}
