{
  "general": {
    "auto": true,
    "rate": 4,
    "gripType": "cgm:two_handed",
    "maxAmmo": 30,
    "reloadAmount": 6,
    "recoilAngle": 3.0,
    "recoilKick": 1.5,
    "recoilAdsReduction": 0.6,
    "alwaysSpread": true,
    "spread": 2.0
  },
  "projectile": {
    "item": "additionalguns:bullet_heavy",
    "visible": false,
    "gravity": true,
    "damage": 12.0,
    "size": 0.2,
    "speed": 60.0,
    "life": 70
  },
  "sounds": {
    "fire": "additionalguns:item.ak2.fire",
    "reload": "cgm:item.pistol.reload",
    "cock": "cgm:item.assault_rifle.cock",
    "silencedFire": "additionalguns:item.rifle.suppressed"
  },
  "display": {
    "flash": {
      "yOffset": 2.5,
      "zOffset": -19
    }
  },
  "modules": {
    "zoom": {
      "fovModifier": 0.8,
      "yOffset": 5.15,
      "zOffset": 3.35
    }
  }
}
