{
  "general": {
    "rate": 25,
    "gripType": "cgm:two_handed",
    "maxAmmo": 5,
    "reloadAmount": 2,
    "recoilAngle": 20.0,
    "recoilKick": 3.0,
    "recoilAdsReduction": 0.75,
    "alwaysSpread": true,
    "spread": 1.5
  },
  "projectile": {
    "item": "additionalguns:bullet_long",
    "visible": false,
    "gravity": true,
    "damage": 35.0,
    "size": 2.0,
    "speed": 100.0,
    "life": 100
  },
  "sounds": {
    "fire": "additionalguns:item.awm.fire",
    "reload": "cgm:item.pistol.reload",
    "cock": "cgm:item.rifle.cock",
    "silencedFire": "additionalguns:item.heavy.suppressed"
  },
  "display": {
    "flash": {
      "yOffset": 3.6,
      "zOffset": -18.75
    }
  },
  "modules": {
    "zoom": {
      "fovModifier": 0.6,
      "yOffset": 4.70,
      "zOffset": -5.25
    },
    "attachments": {
      "scope": {
        "yOffset": 3.95,
        "zOffset": 9
      },
      "barrel": {
        "yOffset": 3.6,
        "zOffset": -16.75,
        "scale": 0.55
      },
      "underBarrel": {
        "yOffset": 2.0,
        "zOffset": 3.5
      }
    }
  }
}
