{
  "general": {
    "auto": true,
    "rate": 3,
    "gripType": "cgm:one_handed",
    "maxAmmo": 32,
    "reloadAmount": 4,
    "recoilAngle": 4.5,
    "recoilKick": 0.6,
    "recoilAdsReduction": 0.5,
    "alwaysSpread": true,
    "spread": 1.0
  },
  "projectile": {
    "item": "additionalguns:bullet_small",
    "visible": false,
    "gravity": true,
    "damage": 6.5,
    "size": 0.1,
    "speed": 30.0,
    "life": 10
  },
  "sounds": {
    "fire": "additionalguns:item.mac10.fire",
    "reload": "cgm:item.pistol.reload",
    "cock": "cgm:item.rifle.cock",
    "silencedFire": "additionalguns:item.medium.suppressed"
  },
  "display": {
    "flash": {
      "yOffset": 3.0,
      "zOffset": -15.0,
      "scale": 1.5
    }
  },
  "modules": {
    "zoom": {
      "fovModifier": 0.8,
      "yOffset": 5.0
    },
    "attachments": {
      "barrel": {
        "yOffset": 3.0,
        "zOffset": -15.0,
        "scale": 1.0
      },
      "stock": {
        "yOffset": 3.1,
        "zOffset": 7.75,
        "scale": 1.5
      }
    }
  }
}
