{
  "general": {
    "auto": true,
    "rate": 2,
    "gripType": "cgm:one_handed",
    "maxAmmo": 20,
    "reloadAmount": 5,
    "recoilAngle": 4.0,
    "recoilKick": 1.0,
    "recoilAdsReduction": 0.55,
    "alwaysSpread": true,
    "spread": 5.0
  },
  "projectile": {
    "item": "additionalguns:bullet_small",
    "visible": false,
    "damage": 7.0,
    "size": 0.1,
    "speed": 25.0,
    "life": 45
  },
  "sounds": {
    "fire": "additionalguns:item.mp7a2.fire",
    "reload": "cgm:item.pistol.reload",
    "cock": "cgm:item.rifle.cock",
    "silencedFire": "additionalguns:item.pistol.suppressed"
  },
  "display": {
    "flash": {
      "yOffset": 7.5,
      "zOffset": -4.0
    }
  },
  "modules": {
    "zoom": {
      "fovModifier": 0.8,
      "yOffset": 11.4,
      "zOffset": 1.5
    },
    "attachments": {
      "scope": {
        "yOffset": 10.25,
        "zOffset": 10.0,
        "scale": 1.15
      },
      "barrel": {
        "yOffset": 7.6,
        "zOffset": -3.0,
        "scale": 0.75
      }
    }
  }
}
