{
  "general": {
    "auto": true,
    "rate": 2,
    "gripType": "cgm:two_handed",
    "maxAmmo": 64,
    "reloadAmount": 6,
    "recoilAngle": 2.0,
    "recoilKick": 1.5,
    "recoilAdsReduction": 0.6,
    "alwaysSpread": true,
    "spread": 3.0
  },
  "projectile": {
    "item": "additionalguns:bullet_small",
    "visible": false,
    "gravity": true,
    "damage": 5.5,
    "size": 0.1,
    "speed": 30.0,
    "life": 40
  },
  "sounds": {
    "fire": "additionalguns:item.pp19.fire",
    "reload": "cgm:item.pistol.reload",
    "cock": "cgm:item.assault_rifle.cock",
    "silencedFire": "additionalguns:item.light.suppressed"
  },
  "display": {
    "flash": {
      "yOffset": 3.25,
      "zOffset": -2.0
    }
  },
  "modules": {
    "zoom": {
      "fovModifier": 0.8,
      "yOffset": 4.3,
      "zOffset": 2.0
    },
    "attachments": {
      "scope": {
        "yOffset": 3.8,
        "zOffset": 2.6,
        "scale": 0.75
      },
      "barrel": {
        "yOffset": 3.25,
        "zOffset": -2.0,
        "scale": 0.5
      },
      "stock": {
        "yOffset": 3.1,
        "zOffset": 7.75
      }
    }
  }
}
