{
  "general": {
    "auto": true,
    "rate": 3,
    "gripType": "cgm:two_handed",
    "maxAmmo": 25,
    "reloadAmount": 3,
    "recoilAngle": 4.0,
    "recoilKick": 1.0,
    "recoilAdsReduction": 0.55,
    "alwaysSpread": true,
    "spread": 1.5
  },
  "projectile": {
    "item": "additionalguns:bullet_special",
    "visible": false,
    "gravity": true,
    "damage": 14.0,
    "size": 0.2,
    "speed": 100.0,
    "life": 100
  },
  "sounds": {
    "fire": "additionalguns:item.ravensclaw.fire",
    "reload": "cgm:item.pistol.reload",
    "cock": "cgm:item.assault_rifle.cock",
    "silencedFire": "additionalguns:item.rifle.suppressed"
  },
  "display": {
    "flash": {
      "yOffset": 3.6,
      "zOffset": -2.9
    }
  },
  "modules": {
    "zoom": {
      "fovModifier": 0.8,
      "yOffset": 4.8
    },
    "attachments": {
      "scope": {
        "yOffset": 4.15,
        "zOffset": 5.0,
        "scale": 0.65
      },
      "barrel": {
        "yOffset": 3.6,
        "zOffset": -2.9,
        "scale": 0.3
      },
      "underBarrel": {
        "yOffset": 3.0,
        "zOffset": 0.5,
        "scale": 0.75
      },
      "stock": {
        "yOffset": 3.75,
        "zOffset": 8.2,
        "scale": 0.9
      }
    }
  }
}
