{
  "general": {
    "rate": 12,
    "gripType": "cgm:one_handed",
    "maxAmmo": 6,
    "reloadAmount": 1,
    "recoilAngle": 10.0,
    "recoilKick": 2.5,
    "recoilAdsReduction": 0.5,
    "alwaysSpread": true,
    "spread": 1.0
  },
  "projectile": {
    "item": "additionalguns:bullet_short",
    "visible": false,
    "damage": 16,
    "size": 0.5,
    "speed": 40.0,
    "life": 70
  },
  "sounds": {
    "fire": "additionalguns:item.unica.fire",
    "reload": "cgm:item.pistol.reload",
    "cock": "cgm:item.shotgun.cock"
  },
  "display": {
    "flash": {
      "yOffset": 9.5,
      "zOffset": -5.75
    }
  },
  "modules": {
    "zoom": {
      "fovModifier": 0.7,
      "yOffset": 11.35,
      "zOffset": 1.0
    }
  }
}
