{
  "general": {
    "rate": 6,
    "gripType": "cgm:one_handed",
    "maxAmmo": 14,
    "reloadAmount": 5,
    "recoilAngle": 6.0,
    "recoilKick": 1.5,
    "recoilAdsReduction": 0.5,
    "alwaysSpread": true,
    "spread": 1.0
  },
  "projectile": {
    "item": "additionalguns:bullet_short",
    "damage": 11.0,
    "size": 0.1,
    "speed": 10.0,
    "life": 50
  },
  "sounds": {
    "fire": "additionalguns:item.pistol.fire",
    "reload": "cgm:item.pistol.reload",
    "cock": "cgm:item.pistol.cock",
    "silencedFire": "additionalguns:item.pistol.suppressed"
  },
  "display": {
    "flash": {
      "yOffset": 6.0,
      "zOffset": -3.8
    }
  },
  "modules": {
    "zoom": {
      "fovModifier": 0.85,
      "yOffset": 7.2,
      "zOffset": 0.0
    },
    "attachments": {
      "scope": {
        "yOffset": 6.75,
        "zOffset": 5.5
      },
      "barrel": {
        "yOffset": 6.0,
        "zOffset": -1.8,
        "scale": 0.75
      }
    }
  }
}
